{"epoch":2,"multicore_efficiency":0.42099383552407166,"subset_train_loss":0.939566679596901,"final_extrapolated_epoch_time_hr":21.99381197050766,"_wandb":{"runtime":4752},"subset_samples_per_sec":1.304672913292257,"subset_loss":0.9475725640307416,"_step":33,"extrapolated_epoch_time_min":1081.889030734698,"_runtime":4752,"subset_elapsed_minutes":18.59980874856313,"subset_val_loss":0.913291540145874,"final_speedup_needed_for_1hr":65.98143591152298,"extrapolated_elapsed_minutes":929.9904374281565,"subset_train_acc":57.375,"batch":90,"subset_epoch_time_min":21.637846740086875,"final_extrapolated_total_time_hr":65.98143591152298,"extrapolated_epoch_time_hr":18.0314838455783,"progress_percentage":100,"extrapolated_total_time_hr":54.0944515367349,"subset_acc":56.93681318681319,"_timestamp":1.752504190542243e+09,"subset_val_acc":61,"subset_total_elapsed_min":79.17770787080129}