{"_step":3,"extrapolated_epoch_time_hr":25.27700599034627,"extrapolated_val_time_min":116.87138239542644,"_runtime":2906,"subset_val_accuracy":96,"subset_train_time_sec":839.84938621521,"subset_samples_per_sec":0.9525517469331118,"subset_processing_efficiency":0.3443103403433502,"subset_val_time_sec":70.12282943725586,"final_speedup_needed_for_1hr":80.67626998821895,"final_extrapolated_total_time_hr":80.67626998821895,"subset_train_loss":0.26926668314263225,"subset_epoch_time_sec":909.9722156524658,"_wandb":{"runtime":2906},"extrapolated_train_time_min":1399.7489770253499,"_timestamp":1.7524993903959768e+09,"epoch":3,"extrapolated_total_time_hr":75.83101797103882,"extrapolated_epoch_time_min":1516.6203594207764,"final_extrapolated_epoch_time_hr":26.892089996072983}